CMR2,CMC,light_element,liquidus_eq,chi_Si_icb,seed
0.32261995537629246,0.4572531783656689,S,Edmund,,
0.3304058162413086,0.44647821784184627,Si,Edmund,,
0.31983259262347324,0.46123817085042523,S+Si,Edmund,0.11,
0.3298540783080029,0.44722502979712564,S+Si,Edmund,0.08,
0.326663806852505,0.45159272899371944,S+Si,Edmund,0.07,
0.3318469798939245,0.44453922722802763,S+Si,Edmund,0.09,
0.3290470678711227,0.44832187976760374,S+Si,Edmund,0.09,
0.3323549089596542,0.4438598498868807,S+Si,Edmund,0.09,
0.32556030882718867,0.4531234183043636,S+Si,Edmund,0.11,
0.3338317716470736,0.4418962259708367,S+Si,Edmund,0.12,
0.3304058162413086,0.44647821784184627,S+Si,Edmund,0.12,
0.3322293724573047,0.4440275671861551,S+Si,Edmund,0.09,
0.32931748321237025,0.4479537453068289,S+Si,Edmund,0.08,
0.32370280626421927,0.45572357466555,S+Si,Edmund,0.01,
0.33035281923185195,0.44654984432406664,S,Edmund,,
0.3394518971049882,0.43457998396271813,S+Si,Edmund,0.04,
0.33453174991018697,0.4409715969847556,S+Si,Edmund,0.04,
0.3328391944069148,0.44321402791177794,S+Si,Edmund,0.06,
0.32910569025493724,0.448242021843276,S,Edmund,,
0.3453389114648273,0.42717167137137046,S+Si,Edmund,0.02,
0.333536268517016,0.44228773277312733,S+Si,Edmund,0.01,
0.3445093191045514,0.4282003180158708,S+Si,Edmund,0.11,
0.34030675611437455,0.4334883082674385,S,Edmund,,
0.33203287421820504,0.44429034428396275,S+Si,Edmund,0.0,
0.33533047128260224,0.43992124973240887,S+Si,Edmund,0.02,
0.33618276804950364,0.4388059532494465,S+Si,Edmund,0.04,
0.3347381498178537,0.44069969341789045,S+Si,Edmund,0.07,
0.329542968169839,0.4476472395064793,S,Edmund,,
0.3306472470697039,0.44615220996804933,S+Si,Edmund,0.03,
0.33177421510913496,0.4446367236570045,S+Si,Edmund,0.02,
0.3323549089596542,0.4438598498868807,S+Si,Edmund,0.05,
0.3453389114648273,0.42717167137137046,Si,Edmund,,
0.32853185649159816,0.44902494867730625,S,Edmund,,
0.32854612886396023,0.4490054425845407,S+Si,Edmund,0.0,
0.32824940128704905,0.4494113299874595,S,Edmund,,
0.3213468769304808,0.45868191223120924,Si,Edmund,,
0.32730108775773015,0.45033764174075475,S+Si,Edmund,0.1,
0.3316199104681969,0.4444727091081451,S+Si,Edmund,0.07,
0.32866346690777587,0.4484708975620945,S+Si,Edmund,0.05,
0.31362956913404505,0.46996844209227945,S+Si,Edmund,0.1,
0.3235903767188888,0.45550180291068004,S+Si,Edmund,0.08,
0.3193811698747449,0.4615049786992948,S+Si,Edmund,0.06,
0.35615557820847704,0.4138528469536456,S,Edmund,,
0.3418746455455814,0.4311404835675304,S+Si,Edmund,0.09,
0.3410440203243698,0.43219054202976626,S+Si,Edmund,0.08,
0.3343268958502485,0.44087389267665,S+Si,Edmund,0.05,
0.3397312319141903,0.4338606114295357,S+Si,Edmund,0.11,
0.35758778067934904,0.41219529291514245,S+Si,Edmund,0.01,
0.3677164430320835,0.400841471174406,S+Si,Edmund,0.02,
0.3553849165617252,0.41475029786301987,S+Si,Edmund,0.02,
0.3621858551363077,0.40696233138240007,S+Si,Edmund,0.04,
0.35930699399910415,0.410223019483911,S,Edmund,,
0.3610698153589925,0.40822022149221193,S+Si,Edmund,0.03,
0.36515657171396104,0.40365150573124575,S+Si,Edmund,0.12,
0.35606100858553724,0.41396276605948773,S+Si,Edmund,0.04,
0.3470142869863325,0.42475484591735363,S+Si,Edmund,0.09,
0.35287506623493503,0.41770024040708953,S+Si,Edmund,0.11,
0.34417033995283813,0.42826467853156014,S,Edmund,,
0.3471218501455297,0.4246232265073625,S+Si,Edmund,0.09,
0.34549859646944514,0.42661823088776357,S,Edmund,,
0.34368165359517294,0.4288736348249175,S+Si,Edmund,0.04,
0.340974018526847,0.4322792705344926,S,Edmund,,
0.35291010539778545,0.417658768467005,S+Si,Edmund,0.07,
0.353799783200853,0.41660850853693976,S+Si,Edmund,0.08,
0.33651472033118984,0.4380075850914823,S+Si,Edmund,0.02,
0.34207708571809564,0.43088533594871786,S+Si,Edmund,0.11,
0.32928842873192843,0.4476197374065462,S+Si,Edmund,0.01,
0.3412550560947502,0.43192327078393583,S+Si,Edmund,0.11,
0.3457447844966726,0.4263144568169719,Si,Edmund,,
0.35010483871485554,0.4210053209805744,S+Si,Edmund,0.12,
0.33093239281079495,0.44539610869786084,S+Si,Edmund,0.02,
0.3316199104681969,0.4444727091081451,S+Si,Edmund,0.03,
