moi,CMR2,CMC,light,chi_Si_icb,composition,mode,stage,n_radii_attempted,last_r_m,csv_rows,rows_match_log,csv,stratum,N_h,n_h,weight
genova,0.32261995537629246,0.4572531783656689,S,0.00,S,crash_at_1.95Mm,>=1.5Mm,40,1950010.0,39,1,work.genova/results/CMR2_0.32261995537629246_CMC_0.45725317836566892_S_Edmund/pMetaData_0.00.csv,genova|crash_at_1.95Mm|>=1.5Mm,374,2,187.0
genova,0.3304058162413086,0.44647821784184627,Si,0.00,Si,crash_at_1.95Mm,>=1.5Mm,40,1950010.0,39,1,work.genova/results/CMR2_0.33040581624130860_CMC_0.44647821784184627_Si_Edmund/pMetaData_0.00.csv,genova|crash_at_1.95Mm|>=1.5Mm,374,2,187.0
genova,0.31983259262347324,0.46123817085042523,S+Si,0.11,S+Si_0.11,crash_lt_1.95Mm,10m,1,10.0,0,1,work.genova/results/CMR2_0.31983259262347324_CMC_0.46123817085042523_S+Si_Edmund/pMetaData_0.11.csv,genova|crash_lt_1.95Mm|10m,6388,12,532.3333333333334
genova,0.3298540783080029,0.44722502979712564,S+Si,0.08,S+Si_0.08,crash_lt_1.95Mm,10m,1,10.0,0,1,work.genova/results/CMR2_0.32985407830800290_CMC_0.44722502979712564_S+Si_Edmund/pMetaData_0.08.csv,genova|crash_lt_1.95Mm|10m,6388,12,532.3333333333334
genova,0.326663806852505,0.45159272899371944,S+Si,0.07,S+Si_0.07,crash_lt_1.95Mm,10m,1,10.0,0,1,work.genova/results/CMR2_0.32666380685250501_CMC_0.45159272899371944_S+Si_Edmund/pMetaData_0.07.csv,genova|crash_lt_1.95Mm|10m,6388,12,532.3333333333334
genova,0.3318469798939245,0.44453922722802763,S+Si,0.09,S+Si_0.09,crash_lt_1.95Mm,10m,1,10.0,0,1,work.genova/results/CMR2_0.33184697989392448_CMC_0.44453922722802763_S+Si_Edmund/pMetaData_0.09.csv,genova|crash_lt_1.95Mm|10m,6388,12,532.3333333333334
genova,0.3290470678711227,0.44832187976760374,S+Si,0.09,S+Si_0.09,crash_lt_1.95Mm,10m,1,10.0,0,1,work.genova/results/CMR2_0.32904706787112270_CMC_0.44832187976760374_S+Si_Edmund/pMetaData_0.09.csv,genova|crash_lt_1.95Mm|10m,6388,12,532.3333333333334
genova,0.3323549089596542,0.4438598498868807,S+Si,0.09,S+Si_0.09,crash_lt_1.95Mm,10m,1,10.0,0,1,work.genova/results/CMR2_0.33235490895965419_CMC_0.44385984988688071_S+Si_Edmund/pMetaData_0.09.csv,genova|crash_lt_1.95Mm|10m,6388,12,532.3333333333334
genova,0.32556030882718867,0.4531234183043636,S+Si,0.11,S+Si_0.11,crash_lt_1.95Mm,10m,1,10.0,0,1,work.genova/results/CMR2_0.32556030882718867_CMC_0.45312341830436359_S+Si_Edmund/pMetaData_0.11.csv,genova|crash_lt_1.95Mm|10m,6388,12,532.3333333333334
genova,0.3338317716470736,0.4418962259708367,S+Si,0.12,S+Si_0.12,crash_lt_1.95Mm,10m,1,10.0,0,1,work.genova/results/CMR2_0.33383177164707362_CMC_0.44189622597083672_S+Si_Edmund/pMetaData_0.12.csv,genova|crash_lt_1.95Mm|10m,6388,12,532.3333333333334
genova,0.3304058162413086,0.44647821784184627,S+Si,0.12,S+Si_0.12,crash_lt_1.95Mm,10m,1,10.0,0,1,work.genova/results/CMR2_0.33040581624130860_CMC_0.44647821784184627_S+Si_Edmund/pMetaData_0.12.csv,genova|crash_lt_1.95Mm|10m,6388,12,532.3333333333334
genova,0.3322293724573047,0.4440275671861551,S+Si,0.09,S+Si_0.09,crash_lt_1.95Mm,10m,1,10.0,0,1,work.genova/results/CMR2_0.33222937245730472_CMC_0.44402756718615510_S+Si_Edmund/pMetaData_0.09.csv,genova|crash_lt_1.95Mm|10m,6388,12,532.3333333333334
genova,0.32931748321237025,0.4479537453068289,S+Si,0.08,S+Si_0.08,crash_lt_1.95Mm,10m,1,10.0,0,1,work.genova/results/CMR2_0.32931748321237025_CMC_0.44795374530682891_S+Si_Edmund/pMetaData_0.08.csv,genova|crash_lt_1.95Mm|10m,6388,12,532.3333333333334
genova,0.32370280626421927,0.45572357466555,S+Si,0.01,S+Si_0.01,crash_lt_1.95Mm,10m,1,10.0,0,1,work.genova/results/CMR2_0.32370280626421927_CMC_0.45572357466555002_S+Si_Edmund/pMetaData_0.01.csv,genova|crash_lt_1.95Mm|10m,6388,12,532.3333333333334
genova,0.33035281923185195,0.44654984432406664,S,0.00,S,crash_lt_1.95Mm,50km-1.45Mm,30,1450010.0,29,1,work.genova/results/CMR2_0.33035281923185195_CMC_0.44654984432406664_S_Edmund/pMetaData_0.00.csv,genova|crash_lt_1.95Mm|50km-1.45Mm,826,2,413.0
genova,0.3394518971049882,0.43457998396271813,S+Si,0.04,S+Si_0.04,crash_lt_1.95Mm,50km-1.45Mm,27,1300010.0,26,1,work.genova/results/CMR2_0.33945189710498819_CMC_0.43457998396271813_S+Si_Edmund/pMetaData_0.04.csv,genova|crash_lt_1.95Mm|50km-1.45Mm,826,2,413.0
genova,0.33453174991018697,0.4409715969847556,S+Si,0.04,S+Si_0.04,crash_lt_1.95Mm,>=1.5Mm,31,1500010.0,30,1,work.genova/results/CMR2_0.33453174991018697_CMC_0.44097159698475558_S+Si_Edmund/pMetaData_0.04.csv,genova|crash_lt_1.95Mm|>=1.5Mm,693,2,346.5
genova,0.3328391944069148,0.44321402791177794,S+Si,0.06,S+Si_0.06,crash_lt_1.95Mm,>=1.5Mm,35,1700010.0,34,1,work.genova/results/CMR2_0.33283919440691478_CMC_0.44321402791177794_S+Si_Edmund/pMetaData_0.06.csv,genova|crash_lt_1.95Mm|>=1.5Mm,693,2,346.5
genova,0.32910569025493724,0.448242021843276,S,0.00,S,detJ0,10m,1,10.0,0,1,work.genova/results/CMR2_0.32910569025493724_CMC_0.44824202184327600_S_Edmund/pMetaData_0.00.csv,genova|detJ0|10m,6,1,6.0
genova,0.3453389114648273,0.42717167137137046,S+Si,0.02,S+Si_0.02,detJ0,50km-1.45Mm,21,1000010.0,20,1,work.genova/results/CMR2_0.34533891146482731_CMC_0.42717167137137046_S+Si_Edmund/pMetaData_0.02.csv,genova|detJ0|50km-1.45Mm,2706,6,451.0
genova,0.333536268517016,0.44228773277312733,S+Si,0.01,S+Si_0.01,detJ0,50km-1.45Mm,30,1450010.0,29,1,work.genova/results/CMR2_0.33353626851701601_CMC_0.44228773277312733_S+Si_Edmund/pMetaData_0.01.csv,genova|detJ0|50km-1.45Mm,2706,6,451.0
genova,0.3445093191045514,0.4282003180158708,S+Si,0.11,S+Si_0.11,detJ0,50km-1.45Mm,30,1450010.0,29,1,work.genova/results/CMR2_0.34450931910455140_CMC_0.42820031801587077_S+Si_Edmund/pMetaData_0.11.csv,genova|detJ0|50km-1.45Mm,2706,6,451.0
genova,0.34030675611437455,0.4334883082674385,S,0.00,S,detJ0,50km-1.45Mm,24,1150010.0,23,1,work.genova/results/CMR2_0.34030675611437455_CMC_0.43348830826743850_S_Edmund/pMetaData_0.00.csv,genova|detJ0|50km-1.45Mm,2706,6,451.0
genova,0.33203287421820504,0.44429034428396275,S+Si,0.00,S+Si_0.00,detJ0,50km-1.45Mm,29,1400010.0,28,1,work.genova/results/CMR2_0.33203287421820504_CMC_0.44429034428396275_S+Si_Edmund/pMetaData_0.00.csv,genova|detJ0|50km-1.45Mm,2706,6,451.0
genova,0.33533047128260224,0.43992124973240887,S+Si,0.02,S+Si_0.02,detJ0,50km-1.45Mm,28,1350010.0,27,1,work.genova/results/CMR2_0.33533047128260224_CMC_0.43992124973240887_S+Si_Edmund/pMetaData_0.02.csv,genova|detJ0|50km-1.45Mm,2706,6,451.0
genova,0.33618276804950364,0.4388059532494465,S+Si,0.04,S+Si_0.04,detJ0,>=1.5Mm,31,1500010.0,30,1,work.genova/results/CMR2_0.33618276804950364_CMC_0.43880595324944649_S+Si_Edmund/pMetaData_0.04.csv,genova|detJ0|>=1.5Mm,3162,6,527.0
genova,0.3347381498178537,0.44069969341789045,S+Si,0.07,S+Si_0.07,detJ0,>=1.5Mm,35,1700010.0,34,1,work.genova/results/CMR2_0.33473814981785371_CMC_0.44069969341789045_S+Si_Edmund/pMetaData_0.07.csv,genova|detJ0|>=1.5Mm,3162,6,527.0
genova,0.329542968169839,0.4476472395064793,S,0.00,S,detJ0,>=1.5Mm,31,1500010.0,30,1,work.genova/results/CMR2_0.32954296816983902_CMC_0.44764723950647928_S_Edmund/pMetaData_0.00.csv,genova|detJ0|>=1.5Mm,3162,6,527.0
genova,0.3306472470697039,0.44615220996804933,S+Si,0.03,S+Si_0.03,detJ0,>=1.5Mm,34,1650010.0,33,1,work.genova/results/CMR2_0.33064724706970389_CMC_0.44615220996804933_S+Si_Edmund/pMetaData_0.03.csv,genova|detJ0|>=1.5Mm,3162,6,527.0
genova,0.33177421510913496,0.4446367236570045,S+Si,0.02,S+Si_0.02,detJ0,>=1.5Mm,32,1550010.0,31,1,work.genova/results/CMR2_0.33177421510913496_CMC_0.44463672365700452_S+Si_Edmund/pMetaData_0.02.csv,genova|detJ0|>=1.5Mm,3162,6,527.0
genova,0.3323549089596542,0.4438598498868807,S+Si,0.05,S+Si_0.05,detJ0,>=1.5Mm,35,1700010.0,34,1,work.genova/results/CMR2_0.33235490895965419_CMC_0.44385984988688071_S+Si_Edmund/pMetaData_0.05.csv,genova|detJ0|>=1.5Mm,3162,6,527.0
genova,0.3453389114648273,0.42717167137137046,Si,0.00,Si,newton_maxit,10m,1,10.0,0,1,work.genova/results/CMR2_0.34533891146482731_CMC_0.42717167137137046_Si_Edmund/pMetaData_0.00.csv,genova|newton_maxit|10m,19,1,19.0
genova,0.32853185649159816,0.44902494867730625,S,0.00,S,newton_maxit,50km-1.45Mm,6,250010.0,5,1,work.genova/results/CMR2_0.32853185649159816_CMC_0.44902494867730625_S_Edmund/pMetaData_0.00.csv,genova|newton_maxit|50km-1.45Mm,165,1,165.0
genova,0.32854612886396023,0.4490054425845407,S+Si,0.00,S+Si_0.00,newton_maxit,>=1.5Mm,31,1500010.0,30,1,work.genova/results/CMR2_0.32854612886396023_CMC_0.44900544258454073_S+Si_Edmund/pMetaData_0.00.csv,genova|newton_maxit|>=1.5Mm,419,2,209.5
genova,0.32824940128704905,0.4494113299874595,S,0.00,S,newton_maxit,>=1.5Mm,31,1500010.0,30,1,work.genova/results/CMR2_0.32824940128704905_CMC_0.44941132998745947_S_Edmund/pMetaData_0.00.csv,genova|newton_maxit|>=1.5Mm,419,2,209.5
margot,0.3213468769304808,0.45868191223120924,Si,0.00,Si,crash_at_1.95Mm,>=1.5Mm,40,1950010.0,39,1,work.margot/results/CMR2_0.32134687693048081_CMC_0.45868191223120924_Si_Edmund/pMetaData_0.00.csv,margot|crash_at_1.95Mm|>=1.5Mm,129,1,129.0
margot,0.32730108775773015,0.45033764174075475,S+Si,0.10,S+Si_0.10,crash_lt_1.95Mm,10m,1,10.0,0,1,work.margot/results/CMR2_0.32730108775773015_CMC_0.45033764174075475_S+Si_Edmund/pMetaData_0.10.csv,margot|crash_lt_1.95Mm|10m,3253,7,464.7142857142857
margot,0.3316199104681969,0.4444727091081451,S+Si,0.07,S+Si_0.07,crash_lt_1.95Mm,10m,1,10.0,0,1,work.margot/results/CMR2_0.33161991046819689_CMC_0.44447270910814513_S+Si_Edmund/pMetaData_0.07.csv,margot|crash_lt_1.95Mm|10m,3253,7,464.7142857142857
margot,0.32866346690777587,0.4484708975620945,S+Si,0.05,S+Si_0.05,crash_lt_1.95Mm,10m,1,10.0,0,1,work.margot/results/CMR2_0.32866346690777587_CMC_0.44847089756209452_S+Si_Edmund/pMetaData_0.05.csv,margot|crash_lt_1.95Mm|10m,3253,7,464.7142857142857
margot,0.31362956913404505,0.46996844209227945,S+Si,0.10,S+Si_0.10,crash_lt_1.95Mm,10m,1,10.0,0,1,work.margot/results/CMR2_0.31362956913404505_CMC_0.46996844209227945_S+Si_Edmund/pMetaData_0.10.csv,margot|crash_lt_1.95Mm|10m,3253,7,464.7142857142857
margot,0.3235903767188888,0.45550180291068004,S+Si,0.08,S+Si_0.08,crash_lt_1.95Mm,10m,1,10.0,0,1,work.margot/results/CMR2_0.32359037671888879_CMC_0.45550180291068004_S+Si_Edmund/pMetaData_0.08.csv,margot|crash_lt_1.95Mm|10m,3253,7,464.7142857142857
margot,0.3193811698747449,0.4615049786992948,S+Si,0.06,S+Si_0.06,crash_lt_1.95Mm,10m,1,10.0,0,1,work.margot/results/CMR2_0.31938116987474491_CMC_0.46150497869929480_S+Si_Edmund/pMetaData_0.06.csv,margot|crash_lt_1.95Mm|10m,3253,7,464.7142857142857
margot,0.35615557820847704,0.4138528469536456,S,0.00,S,crash_lt_1.95Mm,10m,1,10.0,0,1,work.margot/results/CMR2_0.35615557820847704_CMC_0.41385284695364560_S_Edmund/pMetaData_0.00.csv,margot|crash_lt_1.95Mm|10m,3253,7,464.7142857142857
margot,0.3418746455455814,0.4311404835675304,S+Si,0.09,S+Si_0.09,crash_lt_1.95Mm,50km-1.45Mm,30,1450010.0,29,1,work.margot/results/CMR2_0.34187464554558139_CMC_0.43114048356753037_S+Si_Edmund/pMetaData_0.09.csv,margot|crash_lt_1.95Mm|50km-1.45Mm,571,2,285.5
margot,0.3410440203243698,0.43219054202976626,S+Si,0.08,S+Si_0.08,crash_lt_1.95Mm,50km-1.45Mm,30,1450010.0,29,1,work.margot/results/CMR2_0.34104402032436981_CMC_0.43219054202976626_S+Si_Edmund/pMetaData_0.08.csv,margot|crash_lt_1.95Mm|50km-1.45Mm,571,2,285.5
margot,0.3343268958502485,0.44087389267665,S+Si,0.05,S+Si_0.05,crash_lt_1.95Mm,>=1.5Mm,32,1550010.0,31,1,work.margot/results/CMR2_0.33432689585024850_CMC_0.44087389267665000_S+Si_Edmund/pMetaData_0.05.csv,margot|crash_lt_1.95Mm|>=1.5Mm,297,2,148.5
margot,0.3397312319141903,0.4338606114295357,S+Si,0.11,S+Si_0.11,crash_lt_1.95Mm,>=1.5Mm,35,1700010.0,34,1,work.margot/results/CMR2_0.33973123191419030_CMC_0.43386061142953569_S+Si_Edmund/pMetaData_0.11.csv,margot|crash_lt_1.95Mm|>=1.5Mm,297,2,148.5
margot,0.35758778067934904,0.41219529291514245,S+Si,0.01,S+Si_0.01,detJ0,10m,1,10.0,0,1,work.margot/results/CMR2_0.35758778067934904_CMC_0.41219529291514245_S+Si_Edmund/pMetaData_0.01.csv,margot|detJ0|10m,3749,8,468.625
margot,0.3677164430320835,0.400841471174406,S+Si,0.02,S+Si_0.02,detJ0,10m,1,10.0,0,1,work.margot/results/CMR2_0.36771644303208351_CMC_0.40084147117440599_S+Si_Edmund/pMetaData_0.02.csv,margot|detJ0|10m,3749,8,468.625
margot,0.3553849165617252,0.41475029786301987,S+Si,0.02,S+Si_0.02,detJ0,10m,1,10.0,0,1,work.margot/results/CMR2_0.35538491656172522_CMC_0.41475029786301987_S+Si_Edmund/pMetaData_0.02.csv,margot|detJ0|10m,3749,8,468.625
margot,0.3621858551363077,0.40696233138240007,S+Si,0.04,S+Si_0.04,detJ0,10m,1,10.0,0,1,work.margot/results/CMR2_0.36218585513630769_CMC_0.40696233138240007_S+Si_Edmund/pMetaData_0.04.csv,margot|detJ0|10m,3749,8,468.625
margot,0.35930699399910415,0.410223019483911,S,0.00,S,detJ0,10m,1,10.0,0,1,work.margot/results/CMR2_0.35930699399910415_CMC_0.41022301948391099_S_Edmund/pMetaData_0.00.csv,margot|detJ0|10m,3749,8,468.625
margot,0.3610698153589925,0.40822022149221193,S+Si,0.03,S+Si_0.03,detJ0,10m,1,10.0,0,1,work.margot/results/CMR2_0.36106981535899252_CMC_0.40822022149221193_S+Si_Edmund/pMetaData_0.03.csv,margot|detJ0|10m,3749,8,468.625
margot,0.36515657171396104,0.40365150573124575,S+Si,0.12,S+Si_0.12,detJ0,10m,1,10.0,0,1,work.margot/results/CMR2_0.36515657171396104_CMC_0.40365150573124575_S+Si_Edmund/pMetaData_0.12.csv,margot|detJ0|10m,3749,8,468.625
margot,0.35606100858553724,0.41396276605948773,S+Si,0.04,S+Si_0.04,detJ0,10m,1,10.0,0,1,work.margot/results/CMR2_0.35606100858553724_CMC_0.41396276605948773_S+Si_Edmund/pMetaData_0.04.csv,margot|detJ0|10m,3749,8,468.625
margot,0.3470142869863325,0.42475484591735363,S+Si,0.09,S+Si_0.09,detJ0,50km-1.45Mm,28,1350010.0,27,1,work.margot/results/CMR2_0.34701428698633252_CMC_0.42475484591735363_S+Si_Edmund/pMetaData_0.09.csv,margot|detJ0|50km-1.45Mm,4988,10,498.8
margot,0.35287506623493503,0.41770024040708953,S+Si,0.11,S+Si_0.11,detJ0,50km-1.45Mm,25,1200010.0,24,1,work.margot/results/CMR2_0.35287506623493503_CMC_0.41770024040708953_S+Si_Edmund/pMetaData_0.11.csv,margot|detJ0|50km-1.45Mm,4988,10,498.8
margot,0.34417033995283813,0.42826467853156014,S,0.00,S,detJ0,50km-1.45Mm,20,950010.0,19,1,work.margot/results/CMR2_0.34417033995283813_CMC_0.42826467853156014_S_Edmund/pMetaData_0.00.csv,margot|detJ0|50km-1.45Mm,4988,10,498.8
margot,0.3471218501455297,0.4246232265073625,S+Si,0.09,S+Si_0.09,detJ0,50km-1.45Mm,26,1250010.0,25,1,work.margot/results/CMR2_0.34712185014552971_CMC_0.42462322650736251_S+Si_Edmund/pMetaData_0.09.csv,margot|detJ0|50km-1.45Mm,4988,10,498.8
margot,0.34549859646944514,0.42661823088776357,S,0.00,S,detJ0,50km-1.45Mm,18,850010.0,17,1,work.margot/results/CMR2_0.34549859646944514_CMC_0.42661823088776357_S_Edmund/pMetaData_0.00.csv,margot|detJ0|50km-1.45Mm,4988,10,498.8
margot,0.34368165359517294,0.4288736348249175,S+Si,0.04,S+Si_0.04,detJ0,50km-1.45Mm,24,1150010.0,23,1,work.margot/results/CMR2_0.34368165359517294_CMC_0.42887363482491753_S+Si_Edmund/pMetaData_0.04.csv,margot|detJ0|50km-1.45Mm,4988,10,498.8
margot,0.340974018526847,0.4322792705344926,S,0.00,S,detJ0,50km-1.45Mm,23,1100010.0,22,1,work.margot/results/CMR2_0.34097401852684700_CMC_0.43227927053449261_S_Edmund/pMetaData_0.00.csv,margot|detJ0|50km-1.45Mm,4988,10,498.8
margot,0.35291010539778545,0.417658768467005,S+Si,0.07,S+Si_0.07,detJ0,50km-1.45Mm,16,750010.0,15,1,work.margot/results/CMR2_0.35291010539778545_CMC_0.41765876846700500_S+Si_Edmund/pMetaData_0.07.csv,margot|detJ0|50km-1.45Mm,4988,10,498.8
margot,0.353799783200853,0.41660850853693976,S+Si,0.08,S+Si_0.08,detJ0,50km-1.45Mm,19,900010.0,18,1,work.margot/results/CMR2_0.35379978320085298_CMC_0.41660850853693976_S+Si_Edmund/pMetaData_0.08.csv,margot|detJ0|50km-1.45Mm,4988,10,498.8
margot,0.33651472033118984,0.4380075850914823,S+Si,0.02,S+Si_0.02,detJ0,50km-1.45Mm,28,1350010.0,27,1,work.margot/results/CMR2_0.33651472033118984_CMC_0.43800758509148230_S+Si_Edmund/pMetaData_0.02.csv,margot|detJ0|50km-1.45Mm,4988,10,498.8
margot,0.34207708571809564,0.43088533594871786,S+Si,0.11,S+Si_0.11,detJ0,>=1.5Mm,33,1600010.0,32,1,work.margot/results/CMR2_0.34207708571809564_CMC_0.43088533594871786_S+Si_Edmund/pMetaData_0.11.csv,margot|detJ0|>=1.5Mm,1415,3,471.6666666666667
margot,0.32928842873192843,0.4476197374065462,S+Si,0.01,S+Si_0.01,detJ0,>=1.5Mm,32,1550010.0,31,1,work.margot/results/CMR2_0.32928842873192843_CMC_0.44761973740654620_S+Si_Edmund/pMetaData_0.01.csv,margot|detJ0|>=1.5Mm,1415,3,471.6666666666667
margot,0.3412550560947502,0.43192327078393583,S+Si,0.11,S+Si_0.11,detJ0,>=1.5Mm,35,1700010.0,34,1,work.margot/results/CMR2_0.34125505609475021_CMC_0.43192327078393583_S+Si_Edmund/pMetaData_0.11.csv,margot|detJ0|>=1.5Mm,1415,3,471.6666666666667
margot,0.3457447844966726,0.4263144568169719,Si,0.00,Si,newton_maxit,10m,1,10.0,0,1,work.margot/results/CMR2_0.34574478449667262_CMC_0.42631445681697189_Si_Edmund/pMetaData_0.00.csv,margot|newton_maxit|10m,164,1,164.0
margot,0.35010483871485554,0.4210053209805744,S+Si,0.12,S+Si_0.12,newton_maxit,50km-1.45Mm,26,1250010.0,25,1,work.margot/results/CMR2_0.35010483871485554_CMC_0.42100532098057442_S+Si_Edmund/pMetaData_0.12.csv,margot|newton_maxit|50km-1.45Mm,393,2,196.5
margot,0.33093239281079495,0.44539610869786084,S+Si,0.02,S+Si_0.02,newton_maxit,50km-1.45Mm,12,550010.0,11,1,work.margot/results/CMR2_0.33093239281079495_CMC_0.44539610869786084_S+Si_Edmund/pMetaData_0.02.csv,margot|newton_maxit|50km-1.45Mm,393,2,196.5
margot,0.3316199104681969,0.4444727091081451,S+Si,0.03,S+Si_0.03,newton_maxit,>=1.5Mm,32,1550010.0,31,1,work.margot/results/CMR2_0.33161991046819689_CMC_0.44447270910814513_S+Si_Edmund/pMetaData_0.03.csv,margot|newton_maxit|>=1.5Mm,143,1,143.0
